Workbook

Sheet Test Cases
A2: NAME | B2: Shakthi dharshan v
A3: E_MAIL | B3: Shakthisd223@gmail.com
A4: PROJECT_NAME | B4: SauceDemo
A5: URL | B5: https://www.saucedemo.com/
A7: Test Case ID | B7: Module | C7: Scenario | D7: Preconditions | E7: Test Steps | F7: Test Data | G7: Expected Result | H7: Priority | I7: Test Type | J7: Actual Result | K7: Status
A8: LOGIN_01 | B8: Login | C8: Verify user can log in with valid standard user credentials | D8: 1. Browser is open. 2. User has navigated to https://www.saucedemo.com/ | E8: 1. Enter username 'standard_user' in the Username field. 2. Enter password 'secret_sauce' in the Password field. 3. Click the Login button. | F8: Username: standard_user Password: secret_sauce | G8: User is redirected to the Products page (URL contains /inventory.html) and the product list is displayed. | H8: High | I8: Positive | J8: User is sucessfully logged in and redirected to the product page. | K8: Executed
A9: LOGIN_02 | B9: Login | C9: Verify locked out user cannot log in | D9: 1. Browser is open. 2. User has navigated to https://www.saucedemo.com/ | E9: 1. Enter username 'locked_out_user' in the Username field. 2. Enter password 'secret_sauce' in the Password field. 3. Click the Login button. | F9: Username: locked_out_user Password: secret_sauce | G9: Login is rejected. Error message 'Epic sadface: Sorry, this user has been locked out.' is displayed. User remains on the Login page. | H9: High | I9: Negative | J9: Login is failed. Error message 'Epic sadface: Sorry, this user has been locked out. | K9: Executed
A10: LOGIN_03 | B10: Login | C10: Verify login fails with an invalid/unregistered username | D10: 1. Browser is open. 2. User has navigated to https://www.saucedemo.com/ | E10: 1. Enter username 'hello_user' in the Username field. 2. Enter password 'secret_sauce' in the Password field. 3. Click the Login button. | F10: Username: hello_user Password: secret_sauce | G10: Login is rejected. Error message 'Epic sadface: Username and password do not match any user in this service' is displayed. | H10: High | I10: Negative | J10: Login is Failed. Error message 'Epic sadface: Username and password do not match any user in this service | K10: Executed
A11: LOGIN_04 | B11: Login | C11: Verify login fails with a valid username and incorrect password | D11: 1. Browser is open. 2. User has navigated to https://www.saucedemo.com/ | E11: 1. Enter username 'standard_user' in the Username field. 2. Enter password 'wrong_password' in the Password field. 3. Click the Login button. | F11: Username: standard_user Password: wrong_password | G11: Login is rejected. Error message 'Epic sadface: Username and password do not match any user in this service' is displayed. | H11: High | I11: Negative | J11: Login is Failed. Error message 'Epic sadface: Username and password do not match any user in this service | K11: Executed
A12: LOGIN_05 | B12: Login | C12: Verify validation message when both Username and Password fields are left blank | D12: 1. Browser is open. 2. User has navigated to https://www.saucedemo.com/ | E12: 1. Leave the Username field empty. 2. Leave the Password field empty. 3. Click the Login button. | F12: Username: (empty) Password: (empty) | G12: Login is rejected. Error message 'Epic sadface: Username is required' is displayed. | H12: Medium | I12: Negative | J12: Login is Failed. Error message 'Epic sadface: Username is required | K12: Executed
A13: LOGIN_06 | B13: Login | C13: Verify validation message when Username is blank but Password is entered | D13: 1. Browser is open. 2. User has navigated to https://www.saucedemo.com/ | E13: 1. Leave the Username field empty. 2. Enter password 'secret_sauce'. 3. Click the Login button. | F13: Username: (empty) Password: secret_sauce | G13: Login is rejected. Error message 'Epic sadface: Username is required' is displayed. | H13: Medium | I13: Negative | J13: Login is Failed. Error message 'Epic sadface: Username is required | K13: Executed
A14: LOGIN_07 | B14: Login | C14: Verify validation message when Password is blank but Username is entered | D14: 1. Browser is open. 2. User has navigated to https://www.saucedemo.com/ | E14: 1. Enter username 'standard_user'. 2. Leave the Password field empty. 3. Click the Login button. | F14: Username: standard_user Password: (empty) | G14: Login is rejected. Error message 'Epic sadface: Password is required' is displayed. | H14: Medium | I14: Negative | J14: Login is Failed. Error message 'Epic sadface: Password is required' | K14: Executed
A15: LOGIN_08 | B15: Login | C15: Verify username field is case-sensitive (boundary check on credential matching) | D15: 1. Browser is open. 2. User has navigated to https://www.saucedemo.com/ | E15: 1. Enter username 'Standard_User' (mixed case). 2. Enter password 'secret_sauce'. 3. Click the Login button. | F15: Username: Standard_User Password: secret_sauce | G15: Login is rejected (username does not match, since valid usernames are lowercase). Error message is displayed. | H15: Low | I15: Negative | J15: Login is Failed (username does not match, since valid usernames are lowercase) | K15: Executed
A16: LOGIN_09 | B16: Login | C16: Verify application handles SQL-injection style input safely in login fields | D16: 1. Browser is open. 2. User has navigated to https://www.saucedemo.com/ | E16: 1. Enter " ' OR '1'='1 " in the Username field. 2. Enter " ' OR '1'='1 " in the Password field. 3. Click the Login button. | F16: Username: ' OR '1'='1 Password: ' OR '1'='1 | G16: Login is rejected with the standard invalid-credentials error message. No script/SQL execution occurs and no sensitive error/stack trace is exposed. | H16: High | I16: Negative | J16: Login is Failed:Epic sadface: Username and password do not match any user in this service | K16: Executed
A17: LOGIN_10 | B17: Login | C17: Verify problem_user can log in (known UI-bug account) | D17: 1. Browser is open. 2. User has navigated to https://www.saucedemo.com/ | E17: 1. Enter username 'problem_user'. 2. Enter password 'secret_sauce'. 3. Click the Login button. | F17: Username: problem_user Password: secret_sauce | G17: User is redirected to the Products page. (Note: product images may render incorrectly for this account — log as observation, not a login defect.) | H17: Medium | I17: Positive | J17: Successfully redirected to the products page | K17: Executed
A18: LOGIN_11 | B18: Login | C18: Verify password characters are masked on entry | D18: 1. Browser is open. 2. User has navigated to https://www.saucedemo.com/ | E18: 1. Click the Password field. 2. Type 'secret_sauce'. | F18: Password: secret_sauce | G18: Each character typed is masked (displayed as dots/asterisks) and not shown in plain text. | H18: Medium | I18: Positive | J18: password field is sucessfully marked as Each character typed is masked (displayed as dots/asterisks) | K18: Executed
... A50: LOGOUT_03 | B50: Logout | C50: Verify cart contents are cleared after logout and do not persist for a fresh login session | D50: 1. User is logged in as standard_user and on the Products page. | E50: 1. Add 2 products to the cart. 2. Log out via the hamburger menu. 3. Log back in with 'standard_user' / 'secret_sauce'. 4. Check the cart badge/contents. | F50: Products: any 2 items Username: standard_user Password: secret_sauce | G50: Cart is empty on re-login (badge shows no count), confirming session/cart state does not leak across the logout boundary. | H50: Medium | I50: Positive | J50: Failed, cart item is not getting cleared after the user is once loged in, and loged out ,cart items remain same | K50: Executed

Sheet Summary
A1: SauceDemo (https://www.saucedemo.com/) — Test Case Summary
A3: Module | B3: Total Test Cases | C3: Positive | D3: Negative | E3: High Priority | F3: Medium Priority | G3: Low Priority
A4: Login | B4: =COUNTIF('Test Cases'!$B$8:$B$50,A4) -> 11 | C4: =COUNTIFS('Test Cases'!$B$8:$B$50,A4,'Test Cases'!$I$8:$I$50,"Positive") -> 3 | D4: =COUNTIFS('Test Cases'!$B$8:$B$50,A4,'Test Cases'!$I$8:$I$50,"Negative") -> 8 | E4: =COUNTIFS('Test Cases'!$B$8:$B$50,A4,'Test Cases'!$H$8:$H$50,"High") -> 5 | F4: =COUNTIFS('Test Cases'!$B$8:$B$50,A4,'Test Cases'!$H$8:$H$50,"Medium") -> 5 | G4: =COUNTIFS('Test Cases'!$B$8:$B$50,A4,'Test Cases'!$H$8:$H$50,"Low") -> 1
A5: Products | B5: =COUNTIF('Test Cases'!$B$8:$B$50,A5) -> 12 | C5: =COUNTIFS('Test Cases'!$B$8:$B$50,A5,'Test Cases'!$I$8:$I$50,"Positive") -> 11 | D5: =COUNTIFS('Test Cases'!$B$8:$B$50,A5,'Test Cases'!$I$8:$I$50,"Negative") -> 1 | E5: =COUNTIFS('Test Cases'!$B$8:$B$50,A5,'Test Cases'!$H$8:$H$50,"High") -> 5 | F5: =COUNTIFS('Test Cases'!$B$8:$B$50,A5,'Test Cases'!$H$8:$H$50,"Medium") -> 7 | G5: =COUNTIFS('Test Cases'!$B$8:$B$50,A5,'Test Cases'!$H$8:$H$50,"Low") -> 0
A6: Cart | B6: =COUNTIF('Test Cases'!$B$8:$B$50,A6) -> 6 | C6: =COUNTIFS('Test Cases'!$B$8:$B$50,A6,'Test Cases'!$I$8:$I$50,"Positive") -> 5 | D6: =COUNTIFS('Test Cases'!$B$8:$B$50,A6,'Test Cases'!$I$8:$I$50,"Negative") -> 1 | E6: =COUNTIFS('Test Cases'!$B$8:$B$50,A6,'Test Cases'!$H$8:$H$50,"High") -> 3 | F6: =COUNTIFS('Test Cases'!$B$8:$B$50,A6,'Test Cases'!$H$8:$H$50,"Medium") -> 3 | G6: =COUNTIFS('Test Cases'!$B$8:$B$50,A6,'Test Cases'!$H$8:$H$50,"Low") -> 0
A7: Checkout | B7: =COUNTIF('Test Cases'!$B$8:$B$50,A7) -> 11 | C7: =COUNTIFS('Test Cases'!$B$8:$B$50,A7,'Test Cases'!$I$8:$I$50,"Positive") -> 6 | D7: =COUNTIFS('Test Cases'!$B$8:$B$50,A7,'Test Cases'!$I$8:$I$50,"Negative") -> 5 | E7: =COUNTIFS('Test Cases'!$B$8:$B$50,A7,'Test Cases'!$H$8:$H$50,"High") -> 7 | F7: =COUNTIFS('Test Cases'!$B$8:$B$50,A7,'Test Cases'!$H$8:$H$50,"Medium") -> 2 | G7: =COUNTIFS('Test Cases'!$B$8:$B$50,A7,'Test Cases'!$H$8:$H$50,"Low") -> 2
A8: Logout | B8: =COUNTIF('Test Cases'!$B$8:$B$50,A8) -> 3 | C8: =COUNTIFS('Test Cases'!$B$8:$B$50,A8,'Test Cases'!$I$8:$I$50,"Positive") -> 2 | D8: =COUNTIFS('Test Cases'!$B$8:$B$50,A8,'Test Cases'!$I$8:$I$50,"Negative") -> 1 | E8: =COUNTIFS('Test Cases'!$B$8:$B$50,A8,'Test Cases'!$H$8:$H$50,"High") -> 2 | F8: =COUNTIFS('Test Cases'!$B$8:$B$50,A8,'Test Cases'!$H$8:$H$50,"Medium") -> 1 | G8: =COUNTIFS('Test Cases'!$B$8:$B$50,A8,'Test Cases'!$H$8:$H$50,"Low") -> 0
A9: TOTAL | B9: =SUM(B4:B8) -> 43 | C9: =SUM(C4:C8) -> 27 | D9: =SUM(D4:D8) -> 16 | E9: =SUM(E4:E8) -> 22 | F9: =SUM(F4:F8) -> 18 | G9: =SUM(G4:G8) -> 3
